id,first_name,last_name,email,gender,ip_address
1,Lyman,Marling,lmarling0@pagesperso-orange.fr,Male,76.198.87.97
2,Sonni,Leuchars,sleuchars1@telegraph.co.uk,Female,167.95.115.81
3,Carleen,Spon,cspon2@marriott.com,Female,86.140.118.182
4,Rasla,Tandey,rtandey3@disqus.com,Female,208.138.234.5
5,Torey,Peeters,tpeeters4@sourceforge.net,Male,107.193.163.157
6,Thor,Creek,tcreek5@photobucket.com,Male,244.81.110.11
7,Ivie,Streetfield,istreetfield6@rambler.ru,Female,107.171.56.118
8,Glenn,McAteer,gmcateer7@live.com,Female,29.167.147.101
9,Euell,Mathivon,emathivon8@npr.org,Male,36.52.45.195
10,Devi,Cant,dcant9@thetimes.co.uk,Female,143.255.82.171
11,Elene,Beet,ebeeta@ehow.com,Female,142.146.77.77
12,Lisha,MacCahey,lmaccaheyb@arizona.edu,Female,43.95.73.100
13,Sancho,Pipping,spippingc@ustream.tv,Male,221.48.19.50
14,Timmy,Torres,ttorresd@cdc.gov,Female,22.68.152.8
15,Rolfe,Cuttle,rcuttlee@devhub.com,Male,25.162.29.12
16,Arlee,Helis,ahelisf@godaddy.com,Female,194.18.126.71
17,Harriett,Winfield,hwinfieldg@sfgate.com,Female,112.164.134.110
18,Luciana,Briddock,lbriddockh@umn.edu,Female,138.225.30.0
19,Saxe,Maides,smaidesi@chron.com,Male,237.102.176.75
20,Jemmie,Deverock,jdeverockj@wiley.com,Female,162.253.203.151
21,Angelia,Bonus,abonusk@devhub.com,Female,231.218.201.99
22,Darill,Pinwell,dpinwelll@last.fm,Male,165.14.176.119
23,Joline,Little,jlittlem@clickbank.net,Female,150.10.194.219
24,Cassie,Corner,ccornern@scribd.com,Female,13.47.72.123
25,Harbert,Diament,hdiamento@oracle.com,Male,107.194.172.152
26,Kristi,Sarsons,ksarsonsp@seattletimes.com,Female,93.26.105.16
27,Keir,Ricco,kriccoq@wiley.com,Male,84.37.160.198
28,Carmela,Oxbie,coxbier@thetimes.co.uk,Female,108.57.184.77
29,Corney,Rawlyns,crawlynss@nature.com,Male,239.174.94.235
30,Myrwyn,Kolis,mkolist@tuttocitta.it,Male,9.167.112.201
31,Emlynne,Latch,elatchu@technorati.com,Female,245.115.24.224
32,Prudi,Santora,psantorav@privacy.gov.au,Female,130.194.178.209
33,Shandeigh,Pointin,spointinw@google.ru,Female,100.237.21.62
34,Hannie,McGrady,hmcgradyx@sitemeter.com,Female,137.58.221.47
35,Madelin,Slemmonds,mslemmondsy@nifty.com,Female,9.6.18.28
36,Eustace,Roughan,eroughanz@people.com.cn,Male,246.60.73.153
37,Hobie,Alderson,halderson10@cargocollective.com,Male,198.254.229.167
38,Sheila-kathryn,Ferran,sferran11@cbslocal.com,Female,179.190.17.5
39,Pernell,Fink,pfink12@feedburner.com,Male,237.76.59.12
40,Darda,Hollow,dhollow13@ycombinator.com,Female,155.81.211.86
41,Graham,Lind,glind14@soundcloud.com,Male,15.162.158.228
42,Regan,Hawksworth,rhawksworth15@comsenz.com,Female,179.143.103.119
43,Arnuad,Knowlman,aknowlman16@nytimes.com,Male,201.35.21.143
44,Abagael,Grimditch,agrimditch17@shop-pro.jp,Female,113.96.49.163
45,Caro,Davidow,cdavidow18@examiner.com,Female,113.155.133.0
46,Carolyne,Lea,clea19@wikipedia.org,Female,95.25.252.106
47,Eve,Smither,esmither1a@sfgate.com,Female,41.235.3.62
48,Genevra,Prester,gprester1b@google.fr,Female,30.159.5.180
49,Maxie,Philips,mphilips1c@goodreads.com,Male,172.174.1.62
50,Tracie,Hurleston,thurleston1d@mediafire.com,Male,221.238.236.190
51,Tera,Beat,tbeat1e@dedecms.com,Female,99.209.94.199
52,Winfred,Alberti,walberti1f@miitbeian.gov.cn,Male,143.166.159.81
53,Coop,Tassel,ctassel1g@oaic.gov.au,Male,90.41.187.211
54,Clark,Torrese,ctorrese1h@joomla.org,Male,99.232.92.22
55,Kennan,Traylen,ktraylen1i@tuttocitta.it,Male,199.82.177.196
56,Alisander,Blofield,ablofield1j@discovery.com,Male,28.205.219.249
57,Grace,Squibbes,gsquibbes1k@sina.com.cn,Male,33.217.61.253
58,Edik,Amys,eamys1l@uiuc.edu,Male,113.188.164.213
59,Cchaddie,Hanselmann,chanselmann1m@senate.gov,Male,104.131.108.108
60,Ugo,De Wolfe,udewolfe1n@oakley.com,Male,89.28.64.213
61,Jenna,Ortell,jortell1o@goo.ne.jp,Female,77.62.128.158
62,Ole,Shevlin,oshevlin1p@acquirethisname.com,Male,211.34.177.188
63,Zaria,Jeannin,zjeannin1q@xing.com,Female,246.158.96.174
64,Edsel,Pavlovsky,epavlovsky1r@altervista.org,Male,10.52.222.177
65,Ginni,Ekless,gekless1s@tumblr.com,Female,200.173.75.17
66,Dacey,Kendall,dkendall1t@baidu.com,Female,244.207.111.217
67,Molli,Dudgeon,mdudgeon1u@businessweek.com,Female,70.242.164.206
68,Terrye,Mosco,tmosco1v@devhub.com,Female,158.171.212.88
69,Roseanna,Lassells,rlassells1w@redcross.org,Female,238.64.144.224
70,Bertha,Gillson,bgillson1x@google.it,Female,85.115.234.94
71,Jamima,Billsberry,jbillsberry1y@archive.org,Female,159.127.252.27
72,Braden,Karus,bkarus1z@oakley.com,Male,139.44.203.67
73,Sunny,Streatfeild,sstreatfeild20@pcworld.com,Male,230.151.3.126
74,Arther,Essame,aessame21@accuweather.com,Male,226.211.106.195
75,Roxi,Lindup,rlindup22@house.gov,Female,15.160.111.98
76,Inness,Robion,irobion23@sitemeter.com,Male,95.238.85.99
77,Lewiss,Paullin,lpaullin24@cafepress.com,Male,43.106.56.187
78,Dalton,Levy,dlevy25@infoseek.co.jp,Male,38.200.62.71
79,Mikaela,Hanmore,mhanmore26@fotki.com,Female,141.68.91.80
80,Murvyn,Lorenc,mlorenc27@google.co.jp,Male,58.63.92.191
81,Clarissa,Basilotta,cbasilotta28@unblog.fr,Female,118.23.129.13
82,Devina,Longson,dlongson29@weather.com,Female,227.116.143.33
83,Sherwynd,Crookshanks,scrookshanks2a@discuz.net,Male,224.47.57.227
84,Jarret,Botright,jbotright2b@mashable.com,Male,202.211.147.114
85,Timoteo,Wodeland,twodeland2c@telegraph.co.uk,Male,188.88.240.105
86,Jennette,Galletly,jgalletly2d@va.gov,Female,35.2.68.5
87,Benedikt,Stanbrooke,bstanbrooke2e@comcast.net,Male,255.115.119.211
88,Kirbee,Letten,kletten2f@soundcloud.com,Female,127.112.62.96
89,Alyss,Trenfield,atrenfield2g@meetup.com,Female,118.90.228.194
90,Sandi,Lade,slade2h@google.co.uk,Female,134.119.73.29
91,Avigdor,Farrier,afarrier2i@examiner.com,Male,78.143.53.154
92,Katti,Jeary,kjeary2j@answers.com,Female,148.136.231.240
93,Glynnis,Surridge,gsurridge2k@mashable.com,Female,53.126.80.165
94,Christye,Gallihaulk,cgallihaulk2l@macromedia.com,Female,128.184.45.16
95,Avis,Edridge,aedridge2m@state.gov,Female,239.188.174.148
96,Hobie,Dole,hdole2n@theatlantic.com,Male,132.128.68.129
97,Bobbee,Radley,bradley2o@netvibes.com,Female,71.70.176.251
98,Nessi,Hebdon,nhebdon2p@accuweather.com,Female,175.29.243.141
99,Gabriela,Scarfe,gscarfe2q@purevolume.com,Female,135.7.185.108
100,Dallas,Chaplyn,dchaplyn2r@etsy.com,Female,105.86.102.137
101,Waylan,Izakov,wizakov2s@1688.com,Male,83.77.187.70
102,Lilla,Dellenbach,ldellenbach2t@acquirethisname.com,Female,22.62.225.143
103,Adda,Challoner,achalloner2u@google.fr,Female,245.21.34.190
104,Elna,Maudsley,emaudsley2v@youtu.be,Female,150.90.17.146
105,Brook,Ickovitz,bickovitz2w@yellowpages.com,Female,223.132.154.63
106,Rex,Beesey,rbeesey2x@homestead.com,Male,100.3.210.112
107,Adriena,Cogle,acogle2y@jimdo.com,Female,109.63.34.218
108,Auria,Gandy,agandy2z@tuttocitta.it,Female,207.114.31.85
109,Myer,Mirfield,mmirfield30@4shared.com,Male,155.144.32.209
110,Chane,Windibank,cwindibank31@omniture.com,Male,73.22.182.26
111,Roselle,Lindstedt,rlindstedt32@typepad.com,Female,229.29.254.94
112,Hyacinthe,Midner,hmidner33@chicagotribune.com,Female,62.4.156.53
113,Theodore,Hadeke,thadeke34@nationalgeographic.com,Male,187.83.176.222
114,Sly,Aleksandrikin,saleksandrikin35@gizmodo.com,Male,182.30.120.68
115,Helge,Heeley,hheeley36@pen.io,Female,169.94.16.204
116,Norah,Perillo,nperillo37@amazon.de,Female,135.227.184.219
117,Merrel,Polotti,mpolotti38@123-reg.co.uk,Male,167.141.96.72
118,Jocko,Ranscombe,jranscombe39@soundcloud.com,Male,130.231.253.185
119,Sena,Timeby,stimeby3a@yolasite.com,Female,135.48.24.82
120,Neale,Wonfor,nwonfor3b@unicef.org,Male,254.189.118.129
121,Pepi,Youde,pyoude3c@umn.edu,Female,89.145.211.223
122,Avrom,Lambarton,alambarton3d@china.com.cn,Male,81.114.47.120
123,Jermaine,Hourston,jhourston3e@weibo.com,Male,241.4.216.40
124,Guthrey,Boake,gboake3f@cmu.edu,Male,172.10.159.81
125,Leann,Housego,lhousego3g@cornell.edu,Female,153.200.149.228
126,Saraann,Grinaugh,sgrinaugh3h@shareasale.com,Female,64.254.110.107
127,Kari,Jeandet,kjeandet3i@pinterest.com,Female,50.87.148.185
128,Amby,Talmadge,atalmadge3j@bluehost.com,Male,212.152.2.162
129,Huberto,Churchley,hchurchley3k@blogs.com,Male,105.53.179.139
130,Obadiah,Fulk,ofulk3l@java.com,Male,54.28.222.82
131,Fletcher,MacSharry,fmacsharry3m@youtube.com,Male,45.3.105.87
132,Carlin,Kaufman,ckaufman3n@ucoz.ru,Female,46.233.61.113
133,Josias,Lokier,jlokier3o@youtube.com,Male,101.66.199.100
134,Simmonds,Van't Hoff,svanthoff3p@istockphoto.com,Male,111.255.249.250
135,Kienan,Garbett,kgarbett3q@spotify.com,Male,224.234.242.164
136,Stacee,Darwent,sdarwent3r@bluehost.com,Female,112.78.181.103
137,Winifred,Mitton,wmitton3s@geocities.com,Female,133.108.225.152
138,Phil,Bowlesworth,pbowlesworth3t@webnode.com,Male,179.78.127.190
139,Raul,Ramsted,rramsted3u@github.com,Male,125.54.11.6
140,Kile,How,khow3v@stumbleupon.com,Male,180.69.6.242
141,Venita,Shipton,vshipton3w@illinois.edu,Female,128.189.79.99
142,Noell,Kerrey,nkerrey3x@twitter.com,Female,146.24.64.252
143,Danette,Lanchbury,dlanchbury3y@redcross.org,Female,183.0.38.122
144,Jocelin,O'Hallihane,johallihane3z@example.com,Female,125.192.180.127
145,Kayley,Rabbet,krabbet40@deviantart.com,Female,192.80.50.50
146,Niel,Brocks,nbrocks41@over-blog.com,Male,108.218.90.70
147,Sutton,Coneybeer,sconeybeer42@theatlantic.com,Male,17.255.161.172
148,Katherine,Corby,kcorby43@icio.us,Female,200.213.223.185
149,Genny,Raithby,graithby44@shinystat.com,Female,32.148.239.78
150,Lorrie,Tregien,ltregien45@smh.com.au,Male,159.240.51.10
151,Rupert,Gimert,rgimert46@va.gov,Male,203.239.146.34
152,Biddy,Budcock,bbudcock47@usnews.com,Female,199.100.98.167
153,Early,Ticksall,eticksall48@google.ru,Male,104.31.31.190
154,Lenee,Durtnall,ldurtnall49@unicef.org,Female,17.113.66.131
155,Stephi,Tromans,stromans4a@spotify.com,Female,61.129.34.211
156,Daloris,Kausche,dkausche4b@uol.com.br,Female,152.139.34.29
157,Maude,Swindells,mswindells4c@xing.com,Female,92.126.255.41
158,Irv,Matzaitis,imatzaitis4d@dedecms.com,Male,11.23.118.125
159,Myrlene,Denisovich,mdenisovich4e@usda.gov,Female,17.215.221.71
160,Dallas,Cumming,dcumming4f@typepad.com,Male,164.90.54.134
161,Dicky,Charlwood,dcharlwood4g@live.com,Male,118.121.54.81
162,Glyn,Vears,gvears4h@dot.gov,Female,187.235.216.164
163,Hal,Pellett,hpellett4i@google.es,Male,224.64.242.38
164,Avis,Zucker,azucker4j@dailymail.co.uk,Female,213.126.246.108
165,Reade,Cestard,rcestard4k@mapquest.com,Male,50.77.234.216
166,Fabio,Troyes,ftroyes4l@latimes.com,Male,148.75.233.156
167,Carena,Durrand,cdurrand4m@bing.com,Female,32.166.172.251
168,Nariko,Crummey,ncrummey4n@npr.org,Female,83.137.89.180
169,Cleo,Lagneaux,clagneaux4o@tmall.com,Female,1.190.242.79
170,Cornall,Adlard,cadlard4p@comsenz.com,Male,48.90.0.40
171,Augustin,Adess,aadess4q@lycos.com,Male,177.231.67.28
172,Harvey,Wolver,hwolver4r@zimbio.com,Male,59.183.99.111
173,Olva,Fawloe,ofawloe4s@blogs.com,Female,246.93.26.184
174,Anica,Gentle,agentle4t@usgs.gov,Female,30.104.248.124
175,Chantalle,Grafhom,cgrafhom4u@state.gov,Female,25.167.137.96
176,Tobiah,Espinas,tespinas4v@hao123.com,Male,195.66.38.221
177,Nickolaus,Levee,nlevee4w@zimbio.com,Male,1.94.91.80
178,Zilvia,Mercer,zmercer4x@angelfire.com,Female,209.225.208.109
179,Marie,Sends,msends4y@oakley.com,Female,225.241.139.128
180,Shepherd,Wyche,swyche4z@nih.gov,Male,39.213.241.83
181,Darin,Bathoe,dbathoe50@github.io,Male,110.194.196.111
182,Garrik,Flucks,gflucks51@patch.com,Male,238.178.61.172
183,Royce,Rame,rrame52@oracle.com,Male,170.94.78.161
184,Saleem,Routledge,sroutledge53@xing.com,Male,13.28.25.22
185,Sloan,Guyver,sguyver54@ca.gov,Male,182.199.128.245
186,Courtnay,Lenahan,clenahan55@apple.com,Male,38.156.124.215
187,Isidor,Hartzog,ihartzog56@behance.net,Male,199.114.111.188
188,Irma,Valentine,ivalentine57@posterous.com,Female,165.241.198.58
189,Ax,Hinchcliffe,ahinchcliffe58@columbia.edu,Male,179.52.232.79
190,Lodovico,Campa,lcampa59@domainmarket.com,Male,41.234.229.21
191,Jacquetta,Nockles,jnockles5a@loc.gov,Female,201.176.73.228
192,Charley,Gideon,cgideon5b@senate.gov,Male,76.124.50.58
193,Aloysius,Axten,aaxten5c@dell.com,Male,145.116.131.233
194,Mikel,Ahren,mahren5d@eventbrite.com,Male,140.120.220.247
195,Halli,Flippelli,hflippelli5e@go.com,Female,236.29.226.136
196,Shanon,Dirand,sdirand5f@hc360.com,Female,81.70.209.26
197,Celeste,Teffrey,cteffrey5g@merriam-webster.com,Female,175.233.166.12
198,Bradan,Iddon,biddon5h@ucoz.ru,Male,77.254.202.174
199,Lay,Anscott,lanscott5i@prnewswire.com,Male,84.154.33.15
200,Auguste,Sconce,asconce5j@boston.com,Female,190.149.155.35
201,Sophi,Sueter,ssueter5k@pagesperso-orange.fr,Female,210.30.92.46
202,Lyle,McCroary,lmccroary5l@wp.com,Male,3.33.73.97
203,Ilario,MacScherie,imacscherie5m@amazon.de,Male,187.15.39.169
204,Frants,Frane,ffrane5n@cocolog-nifty.com,Male,19.133.117.195
205,Carolan,Roycraft,croycraft5o@bloomberg.com,Female,209.236.185.35
206,Genia,Grenfell,ggrenfell5p@webeden.co.uk,Female,154.50.235.178
207,Hendrika,Weatherup,hweatherup5q@cargocollective.com,Female,9.174.143.145
208,Bartie,McKennan,bmckennan5r@eepurl.com,Male,0.11.231.186
209,Constanta,Harkins,charkins5s@kickstarter.com,Female,31.116.127.101
210,Casper,Pellamonuten,cpellamonuten5t@businessweek.com,Male,67.32.203.234
211,Wilton,Needs,wneeds5u@ihg.com,Male,247.139.162.48
212,Eamon,Newbatt,enewbatt5v@berkeley.edu,Male,157.44.85.89
213,Moselle,Matous,mmatous5w@alexa.com,Female,142.171.236.115
214,Tam,Littlefair,tlittlefair5x@quantcast.com,Male,136.60.125.45
215,Kittie,Malacrida,kmalacrida5y@time.com,Female,136.51.239.213
216,Aldric,Minghetti,aminghetti5z@mashable.com,Male,14.246.80.252
217,Robinett,Ponter,rponter60@pinterest.com,Female,9.110.93.76
218,Felipa,Puckey,fpuckey61@newsvine.com,Female,16.223.231.234
219,Barris,Rummins,brummins62@xrea.com,Male,112.201.166.118
220,Bernette,Hurry,bhurry63@livejournal.com,Female,140.217.19.195
221,Elva,Deacock,edeacock64@google.ca,Female,213.43.236.144
222,Cathi,Tomik,ctomik65@apache.org,Female,40.113.88.98
223,Jaime,Finneran,jfinneran66@rediff.com,Female,56.193.17.45
224,Aindrea,Pick,apick67@alibaba.com,Female,61.162.140.191
225,Jory,Batrip,jbatrip68@soundcloud.com,Male,227.31.129.181
226,Cami,Ringham,cringham69@tumblr.com,Female,34.27.241.91
227,Perren,Ingall,pingall6a@ebay.co.uk,Male,203.7.143.216
228,Brnaby,Hallgalley,bhallgalley6b@tmall.com,Male,98.219.237.87
229,Brooks,Ridewood,bridewood6c@wired.com,Male,154.112.204.51
230,Dee dee,MacCafferky,dmaccafferky6d@umich.edu,Female,171.80.94.55
231,Dawna,Nicolson,dnicolson6e@biglobe.ne.jp,Female,111.152.92.125
232,Ferrell,Edmondson,fedmondson6f@nature.com,Male,89.78.99.228
233,Sloan,Ketteridge,sketteridge6g@nytimes.com,Male,193.73.8.219
234,Devonna,Kitto,dkitto6h@ted.com,Female,102.22.93.204
235,Petra,Caldaro,pcaldaro6i@cam.ac.uk,Female,182.61.249.210
236,Addison,Corah,acorah6j@cafepress.com,Male,195.110.158.151
237,Celka,Brazur,cbrazur6k@vistaprint.com,Female,23.191.119.158
238,Ode,Sidgwick,osidgwick6l@studiopress.com,Male,81.158.254.33
239,Halli,Patey,hpatey6m@wikipedia.org,Female,190.62.231.124
240,Dorry,St Quenin,dstquenin6n@cpanel.net,Female,160.187.252.207
241,Huntlee,Feaster,hfeaster6o@booking.com,Male,189.245.138.37
242,Alasdair,Monget,amonget6p@businesswire.com,Male,141.180.17.146
243,Leicester,Swanton,lswanton6q@paginegialle.it,Male,34.92.90.228
244,Myles,Nuemann,mnuemann6r@ovh.net,Male,116.141.151.164
245,Konstanze,Rentoul,krentoul6s@angelfire.com,Female,189.119.35.194
246,Nahum,Edelheid,nedelheid6t@feedburner.com,Male,188.214.231.148
247,Helyn,Saing,hsaing6u@jiathis.com,Female,153.190.101.132
248,Ladonna,Berthomieu,lberthomieu6v@techcrunch.com,Female,25.165.98.160
249,Stephan,Camamile,scamamile6w@dyndns.org,Male,99.96.237.59
250,Augustine,Tarburn,atarburn6x@ycombinator.com,Female,15.175.48.207
251,Suzanna,Blyth,sblyth6y@intel.com,Female,83.143.101.162
252,Inger,Atmore,iatmore6z@purevolume.com,Male,24.116.6.192
253,Alfy,Cuolahan,acuolahan70@tripod.com,Male,230.94.40.10
254,Moe,Burdess,mburdess71@w3.org,Male,99.91.143.85
255,Corbin,Drance,cdrance72@technorati.com,Male,211.232.136.208
256,Benedicto,Albasiny,balbasiny73@nasa.gov,Male,77.21.178.13
257,Derry,Picken,dpicken74@zimbio.com,Male,68.165.244.57
258,Bartholomeo,Milnthorpe,bmilnthorpe75@slashdot.org,Male,183.33.140.154
259,De witt,Alberti,dalberti76@free.fr,Male,239.0.38.240
260,Kylie,Haile,khaile77@dion.ne.jp,Male,156.67.70.180
261,Cloe,Ruffell,cruffell78@latimes.com,Female,10.207.202.12
262,Willow,Arents,warents79@ehow.com,Female,158.194.208.177
263,Artemas,Idel,aidel7a@cafepress.com,Male,159.206.112.111
264,Danette,Bleaden,dbleaden7b@mozilla.org,Female,185.142.169.191
265,Claudetta,Impleton,cimpleton7c@mlb.com,Female,195.150.95.121
266,Mehetabel,Childes,mchildes7d@ca.gov,Female,124.226.34.114
267,Ewan,Turfrey,eturfrey7e@usda.gov,Male,1.43.199.222
268,Gabi,Sheldrick,gsheldrick7f@mozilla.org,Male,195.69.35.66
269,Gardy,Teeney,gteeney7g@vkontakte.ru,Male,86.184.205.159
270,Sheba,Baldrey,sbaldrey7h@sciencedaily.com,Female,172.55.164.39
271,Aigneis,Claridge,aclaridge7i@infoseek.co.jp,Female,0.145.61.141
272,Basil,Craythorne,bcraythorne7j@oakley.com,Male,78.149.173.133
273,Susannah,Tonry,stonry7k@bandcamp.com,Female,193.83.24.238
274,Aimil,Thornhill,athornhill7l@webs.com,Female,186.219.50.221
275,Rosemaria,Week,rweek7m@aboutads.info,Female,70.198.239.169
276,Tamiko,Stappard,tstappard7n@zimbio.com,Female,122.228.141.140
277,Adolf,Thorwarth,athorwarth7o@fda.gov,Male,210.184.201.226
278,Doll,Gorringe,dgorringe7p@senate.gov,Female,129.233.231.170
279,Agnesse,Cuckoo,acuckoo7q@exblog.jp,Female,254.152.74.40
280,Genni,Jalland,gjalland7r@geocities.com,Female,180.204.46.115
281,Michale,Billin,mbillin7s@webs.com,Male,11.66.148.38
282,Giorgi,Upcraft,gupcraft7t@mysql.com,Male,172.226.187.139
283,Konstantine,Benford,kbenford7u@constantcontact.com,Male,16.211.127.150
284,Noellyn,MacCollom,nmaccollom7v@miibeian.gov.cn,Female,41.105.44.0
285,Alyda,Miliffe,amiliffe7w@weibo.com,Female,168.112.32.136
286,Paco,Kelso,pkelso7x@mapquest.com,Male,220.122.198.23
287,Lanny,Bain,lbain7y@pinterest.com,Female,150.140.220.87
288,Archaimbaud,Offa,aoffa7z@desdev.cn,Male,193.171.34.224
289,Quent,Jailler,qjailler80@exblog.jp,Male,194.204.170.167
290,Rurik,Tabourin,rtabourin81@mediafire.com,Male,72.24.165.5
291,Brendin,Brattell,bbrattell82@deviantart.com,Male,138.50.40.160
292,Harald,Hawkslee,hhawkslee83@virginia.edu,Male,197.236.167.166
293,Toni,Vasentsov,tvasentsov84@reddit.com,Female,101.155.82.69
294,Valry,Mil,vmil85@photobucket.com,Female,217.237.147.31
295,Jocko,Liepina,jliepina86@mapy.cz,Male,107.123.144.104
296,Geri,Chapelhow,gchapelhow87@google.co.jp,Female,95.89.168.201
297,Mureil,Vieyra,mvieyra88@flickr.com,Female,15.163.43.151
298,Erl,Akker,eakker89@topsy.com,Male,183.118.133.208
299,Frederic,Mulbry,fmulbry8a@washingtonpost.com,Male,210.100.69.10
300,Elli,Riguard,eriguard8b@tinyurl.com,Female,100.90.73.191
301,Reynold,Ugoni,rugoni8c@deliciousdays.com,Male,169.255.137.214
302,Ingmar,Secrett,isecrett8d@bbc.co.uk,Male,3.97.145.18
303,Moira,Quirk,mquirk8e@slashdot.org,Female,109.115.38.215
304,Ella,Rouby,erouby8f@fastcompany.com,Female,192.44.12.51
305,Tony,Batch,tbatch8g@adobe.com,Female,68.8.30.178
306,Kerr,Redmain,kredmain8h@nih.gov,Male,7.31.168.97
307,Orel,Dhennin,odhennin8i@rediff.com,Female,27.36.45.242
308,Heath,Tunnah,htunnah8j@microsoft.com,Female,74.82.213.9
309,Ashely,Bracco,abracco8k@tripod.com,Female,205.184.142.126
310,Aloysia,Skeath,askeath8l@wikimedia.org,Female,228.109.23.102
311,Lanni,Wiskar,lwiskar8m@mozilla.com,Female,18.139.248.160
312,Nikos,Eastgate,neastgate8n@hhs.gov,Male,255.59.10.54
313,Salvador,Loxley,sloxley8o@pagesperso-orange.fr,Male,120.192.68.121
314,Kincaid,McQuarter,kmcquarter8p@pbs.org,Male,250.47.172.237
315,Bridget,MacCafferty,bmaccafferty8q@digg.com,Female,235.28.119.125
316,Dorey,Albasiny,dalbasiny8r@thetimes.co.uk,Female,131.148.170.1
317,Cathlene,Passion,cpassion8s@si.edu,Female,229.111.132.247
318,Shamus,Twort,stwort8t@nps.gov,Male,203.240.150.103
319,Maryl,Ruggs,mruggs8u@vimeo.com,Female,73.11.64.159
320,Valeria,Rexworthy,vrexworthy8v@people.com.cn,Female,20.1.27.33
321,Ofella,Ponde,oponde8w@cafepress.com,Female,154.51.3.251
322,Dareen,Mulqueeny,dmulqueeny8x@newyorker.com,Female,233.158.76.208
323,Jacky,Mitchard,jmitchard8y@weebly.com,Female,228.14.233.6
324,Catherina,Daniell,cdaniell8z@foxnews.com,Female,140.112.247.100
325,Henry,Birdfield,hbirdfield90@taobao.com,Male,231.17.114.25
326,Claire,Hicken,chicken91@livejournal.com,Female,252.194.119.46
327,Kip,Mixworthy,kmixworthy92@fotki.com,Male,138.117.172.216
328,Syman,Bessom,sbessom93@amazon.de,Male,19.229.111.205
329,Elisabetta,Scoullar,escoullar94@time.com,Female,178.64.245.181
330,Hewet,McPartling,hmcpartling95@ebay.com,Male,46.101.230.0
331,Moritz,Crossgrove,mcrossgrove96@blogs.com,Male,68.187.198.222
332,Livy,Bools,lbools97@acquirethisname.com,Female,173.240.89.179
333,Rick,Buffey,rbuffey98@ed.gov,Male,240.39.254.187
334,Mathian,Colleton,mcolleton99@guardian.co.uk,Male,104.162.207.6
335,Dacey,McKnish,dmcknish9a@patch.com,Female,113.197.112.161
336,Ardra,Owens,aowens9b@barnesandnoble.com,Female,128.29.12.120
337,Eliot,Benedettini,ebenedettini9c@unesco.org,Male,131.200.87.42
338,Christi,Cornelleau,ccornelleau9d@mapy.cz,Female,125.248.95.26
339,Shaina,Bendle,sbendle9e@yellowpages.com,Female,31.223.77.3
340,Malinde,Geeve,mgeeve9f@deviantart.com,Female,101.230.243.137
341,Rafael,Chipperfield,rchipperfield9g@ucla.edu,Male,6.162.161.71
342,Maye,Cohan,mcohan9h@netvibes.com,Female,191.18.172.41
343,Pierrette,Goering,pgoering9i@nbcnews.com,Female,162.184.189.252
344,Frederik,Stranieri,fstranieri9j@surveymonkey.com,Male,96.234.118.205
345,Sky,Seebright,sseebright9k@acquirethisname.com,Male,223.108.123.28
346,Ralf,Goldie,rgoldie9l@opera.com,Male,201.204.21.129
347,Carlota,Klimochkin,cklimochkin9m@infoseek.co.jp,Female,24.50.5.39
348,Hansiain,Allchorne,hallchorne9n@desdev.cn,Male,15.147.218.92
349,Alric,Rubery,arubery9o@drupal.org,Male,46.132.146.58
350,Rourke,Tivers,rtivers9p@about.com,Male,90.91.22.82
351,Chip,MacCumiskey,cmaccumiskey9q@usda.gov,Male,133.67.174.90
352,Slade,Skylett,sskylett9r@slate.com,Male,165.104.215.142
353,Tades,Pulley,tpulley9s@nba.com,Male,41.226.137.191
354,Engracia,Haselwood,ehaselwood9t@tripod.com,Female,177.195.22.30
355,Haleigh,Shafe,hshafe9u@reference.com,Male,172.139.193.197
356,Claudia,Sare,csare9v@amazon.com,Female,1.11.111.73
357,Emmett,Palle,epalle9w@hud.gov,Male,98.80.211.133
358,Goldie,Lewton,glewton9x@nsw.gov.au,Female,65.9.182.107
359,Ediva,Mosco,emosco9y@privacy.gov.au,Female,122.234.246.53
360,Bartram,Demageard,bdemageard9z@discuz.net,Male,17.200.255.231
361,Sergio,Dust,sdusta0@virginia.edu,Male,87.197.80.4
362,Berke,Enrich,benricha1@feedburner.com,Male,188.33.10.145
363,Brigham,Barron,bbarrona2@businesswire.com,Male,142.191.252.245
364,Salli,Brookes,sbrookesa3@google.ca,Female,164.36.3.76
365,Augie,Ashcroft,aashcrofta4@cocolog-nifty.com,Male,60.218.64.3
366,Feodor,Browning,fbrowninga5@vinaora.com,Male,234.222.237.73
367,Reid,Geraudy,rgeraudya6@home.pl,Male,5.187.132.78
368,Gay,Bretton,gbrettona7@shareasale.com,Female,68.198.181.241
369,Cassaundra,Orehead,coreheada8@meetup.com,Female,8.147.166.165
370,Wynne,Gamett,wgametta9@ustream.tv,Female,79.148.113.43
371,Cindy,Emmatt,cemmattaa@php.net,Female,206.16.7.126
372,Barnett,Tichelaar,btichelaarab@de.vu,Male,151.81.131.219
373,Pearle,Allnutt,pallnuttac@hugedomains.com,Female,114.171.120.87
374,Vinni,Strooband,vstroobandad@facebook.com,Female,81.19.220.165
375,Ilysa,McKee,imckeeae@wufoo.com,Female,145.141.170.199
376,Elbertina,Tremmil,etremmilaf@wisc.edu,Female,95.103.124.70
377,Stevy,Masdon,smasdonag@oracle.com,Male,112.157.15.102
378,Rey,Ceschini,rceschiniah@shutterfly.com,Male,187.168.26.130
379,Giraldo,Lind,glindai@4shared.com,Male,236.134.123.248
380,Lezlie,Cowle,lcowleaj@jiathis.com,Female,181.208.163.114
381,Hedy,MacPike,hmacpikeak@geocities.com,Female,178.70.29.147
382,Dominga,Selway,dselwayal@netvibes.com,Female,44.163.145.77
383,Gaylord,Dumbrall,gdumbrallam@mapquest.com,Male,247.215.158.228
384,Rafaelita,Arthey,rartheyan@github.io,Female,24.130.18.29
385,Sibelle,Enos,senosao@google.pl,Female,31.161.48.56
386,Katrinka,Middis,kmiddisap@psu.edu,Female,135.33.33.96
387,Kennan,Cussins,kcussinsaq@thetimes.co.uk,Male,227.116.75.39
388,Christyna,Kliche,cklichear@cisco.com,Female,112.113.141.8
389,Pembroke,Constantine,pconstantineas@alibaba.com,Male,226.248.16.228
390,Jan,Scandwright,jscandwrightat@patch.com,Male,4.95.171.10
391,Donni,McCuthais,dmccuthaisau@jugem.jp,Female,232.142.10.167
392,Elissa,Cassin,ecassinav@mapquest.com,Female,175.177.239.83
393,Bunni,Cornuau,bcornuauaw@seattletimes.com,Female,64.122.106.136
394,Terrill,Tine,ttineax@github.com,Male,237.73.203.246
395,Wilden,Shotbolt,wshotboltay@privacy.gov.au,Male,145.154.205.246
396,Delbert,Lough,dloughaz@bloglines.com,Male,184.229.148.85
397,Ulysses,Mattedi,umattedib0@opera.com,Male,35.122.2.54
398,Ondrea,Santer,osanterb1@angelfire.com,Female,0.212.49.226
399,Devora,Mumbeson,dmumbesonb2@stumbleupon.com,Female,46.69.68.130
400,Aigneis,Toretta,atorettab3@histats.com,Female,249.2.183.162
401,Kassie,Douberday,kdouberdayb4@berkeley.edu,Female,5.213.247.224
402,Nance,Unsworth,nunsworthb5@shareasale.com,Female,242.70.46.223
403,April,Ovenell,aovenellb6@dell.com,Female,247.3.5.126
404,Gwendolyn,Haining,ghainingb7@prnewswire.com,Female,70.175.122.209
405,Marguerite,Yuryshev,myuryshevb8@trellian.com,Female,221.57.106.150
406,Con,Grim,cgrimb9@cnbc.com,Female,6.56.87.70
407,Towney,Marland,tmarlandba@hostgator.com,Male,57.69.239.68
408,Esme,Quadling,equadlingbb@hugedomains.com,Female,235.28.104.105
409,Eddy,Kinsman,ekinsmanbc@cnet.com,Male,81.191.60.200
410,Wilek,Finnick,wfinnickbd@yolasite.com,Male,76.153.92.92
411,Hanna,Harroway,hharrowaybe@springer.com,Female,196.62.43.66
412,Emmalynne,Skeete,eskeetebf@home.pl,Female,183.22.166.166
413,Gilbert,Impson,gimpsonbg@businesswire.com,Male,17.131.194.14
414,Hyman,Terbrug,hterbrugbh@simplemachines.org,Male,104.10.190.92
415,Donal,Candie,dcandiebi@360.cn,Male,173.141.67.87
416,Umberto,Crimpe,ucrimpebj@tripadvisor.com,Male,1.191.7.151
417,Reagan,Scopyn,rscopynbk@yellowbook.com,Male,110.179.88.144
418,Thebault,Morecomb,tmorecombbl@dot.gov,Male,68.194.92.142
419,Darius,Hammonds,dhammondsbm@reuters.com,Male,2.30.162.85
420,Radcliffe,Wraight,rwraightbn@bravesites.com,Male,113.210.151.142
421,Ailis,Baldinotti,abaldinottibo@cpanel.net,Female,130.52.69.220
422,Isa,Tibbs,itibbsbp@reference.com,Male,48.1.117.212
423,Killie,Baress,kbaressbq@nba.com,Male,18.23.135.71
424,Zahara,Oxley,zoxleybr@51.la,Female,81.168.228.193
425,Ogdon,Dedman,odedmanbs@noaa.gov,Male,0.29.1.96
426,Erie,Honnan,ehonnanbt@google.ru,Male,63.30.253.67
427,Hermina,Mucillo,hmucillobu@businessinsider.com,Female,178.223.167.111
428,Algernon,Sparks,asparksbv@yolasite.com,Male,43.44.156.165
429,Hughie,Colerick,hcolerickbw@blogspot.com,Male,225.185.206.195
430,Abraham,Coldwell,acoldwellbx@phpbb.com,Male,94.143.229.42
431,Winna,Dibdin,wdibdinby@amazon.co.jp,Female,89.220.219.74
432,Leslie,Coughan,lcoughanbz@miitbeian.gov.cn,Female,15.11.186.214
433,Chrisse,Haps,chapsc0@google.it,Male,200.52.79.25
434,Vale,Brownrigg,vbrownriggc1@cam.ac.uk,Female,68.98.116.207
435,Hanan,Geeraert,hgeeraertc2@apache.org,Male,86.235.1.115
436,Jaclyn,Lilburne,jlilburnec3@jigsy.com,Female,49.212.186.155
437,Lanita,Marconi,lmarconic4@upenn.edu,Female,182.53.68.172
438,Jerrine,MacCague,jmaccaguec5@technorati.com,Female,113.13.144.205
439,Paulie,Brolan,pbrolanc6@typepad.com,Female,120.100.89.166
440,Garner,Gales,ggalesc7@cdc.gov,Male,50.143.2.230
441,Joelynn,Foye,jfoyec8@csmonitor.com,Female,142.188.143.44
442,Harmony,Mowen,hmowenc9@wufoo.com,Female,116.157.127.207
443,Gussi,Haddrell,ghaddrellca@webnode.com,Female,9.160.183.123
444,Quinn,Ancell,qancellcb@ask.com,Female,201.19.100.71
445,Angelo,Witch,awitchcc@google.pl,Male,202.91.184.147
446,Jeanna,Sykora,jsykoracd@nytimes.com,Female,67.53.99.65
447,Melvyn,Roswarne,mroswarnece@weather.com,Male,72.176.141.85
448,Leonardo,Pursehouse,lpursehousecf@arstechnica.com,Male,74.60.176.78
449,Orsola,Bastie,obastiecg@unc.edu,Female,118.141.113.105
450,Marline,MacGregor,mmacgregorch@hostgator.com,Female,9.65.164.114
451,Harmony,Greenhouse,hgreenhouseci@boston.com,Female,118.83.131.137
452,Ban,Layus,blayuscj@wp.com,Male,69.23.218.148
453,Olivette,Basek,obasekck@gnu.org,Female,178.166.140.139
454,Maddie,Brind,mbrindcl@devhub.com,Male,51.144.140.60
455,Barbabas,Roscamps,broscampscm@fotki.com,Male,131.13.185.243
456,Burty,Camilleri,bcamillericn@is.gd,Male,38.45.101.111
457,Gloria,Aleksich,galeksichco@springer.com,Female,190.134.154.163
458,Pippy,Halesworth,phalesworthcp@dagondesign.com,Female,62.245.179.217
459,Vince,Renshall,vrenshallcq@amazon.de,Male,61.248.0.51
460,Bearnard,Cowely,bcowelycr@upenn.edu,Male,43.53.86.102
461,Garrick,Fidock,gfidockcs@zdnet.com,Male,14.70.173.0
462,Ivy,Luetkemeyers,iluetkemeyersct@wunderground.com,Female,244.170.167.28
463,Berte,Martinello,bmartinellocu@wired.com,Female,88.83.87.107
464,Arel,Pougher,apoughercv@ehow.com,Male,227.187.76.14
465,Gizela,Batecok,gbatecokcw@independent.co.uk,Female,11.174.9.6
466,Gillan,Assender,gassendercx@smugmug.com,Female,58.60.183.89
467,Steffen,Rippin,srippincy@is.gd,Male,149.146.55.212
468,Sarene,Conklin,sconklincz@gmpg.org,Female,172.59.41.186
469,Brianna,Dubble,bdubbled0@is.gd,Female,140.139.118.95
470,Teddi,Swannie,tswannied1@hatena.ne.jp,Female,127.37.63.250
471,Engelbert,Kneeshaw,ekneeshawd2@yale.edu,Male,172.184.59.236
472,Morry,Shaylor,mshaylord3@dell.com,Male,194.65.95.156
473,Heida,Laverick,hlaverickd4@simplemachines.org,Female,87.85.61.191
474,Hamish,Aveson,havesond5@networksolutions.com,Male,106.119.187.194
475,Karee,Wisby,kwisbyd6@google.co.uk,Female,109.21.127.171
476,Melly,Sprigin,msprigind7@chronoengine.com,Female,251.143.114.141
477,Currie,Hatz,chatzd8@netlog.com,Male,118.111.164.227
478,Fransisco,Roderigo,froderigod9@parallels.com,Male,6.243.164.46
479,Jone,Trengove,jtrengoveda@amazon.co.uk,Male,118.188.74.173
480,Matthias,Mabson,mmabsondb@networksolutions.com,Male,153.23.88.23
481,Chan,Biddlecombe,cbiddlecombedc@tiny.cc,Male,156.91.148.230
482,Peter,Lembcke,plembckedd@gmpg.org,Male,91.81.47.57
483,Austine,Dulling,adullingde@soundcloud.com,Female,21.127.78.95
484,Bronny,Hrinishin,bhrinishindf@imdb.com,Male,141.232.166.161
485,Lanae,Godwyn,lgodwyndg@spotify.com,Female,15.152.233.78
486,Alric,Reasce,areascedh@infoseek.co.jp,Male,110.234.39.59
487,Alysa,Baudins,abaudinsdi@mashable.com,Female,89.70.204.124
488,Hana,Broader,hbroaderdj@netlog.com,Female,182.111.51.232
489,Erik,Ricarde,ericardedk@blogs.com,Male,171.236.126.211
490,Edythe,Burchall,eburchalldl@is.gd,Female,147.105.1.68
491,Ivory,Maxwale,imaxwaledm@ustream.tv,Female,78.175.254.15
492,Gardner,Lorenz,glorenzdn@gov.uk,Male,240.243.193.175
493,Monroe,Godbert,mgodbertdo@accuweather.com,Male,224.102.207.220
494,Noelle,Andriveaux,nandriveauxdp@infoseek.co.jp,Female,226.94.151.255
495,Quill,Lewknor,qlewknordq@hud.gov,Male,194.234.131.238
496,Janel,Lapree,jlapreedr@baidu.com,Female,201.74.14.246
497,Alameda,Lanfranchi,alanfranchids@digg.com,Female,95.137.135.231
498,Darcy,Chappelle,dchappelledt@forbes.com,Male,57.81.99.40
499,Leo,Thickens,lthickensdu@mysql.com,Male,221.52.202.150
500,Aurel,Bewfield,abewfielddv@infoseek.co.jp,Female,93.149.142.165
501,Morton,Burnitt,mburnittdw@blog.com,Male,53.98.100.212
502,Fionnula,Millen,fmillendx@phpbb.com,Female,54.79.100.119
503,Agna,Daffern,adafferndy@yahoo.co.jp,Female,214.47.57.194
504,Forester,Mursell,fmurselldz@cocolog-nifty.com,Male,4.62.161.54
505,Cosetta,Souter,csoutere0@nifty.com,Female,144.194.229.105
506,Kevina,Bart,kbarte1@hp.com,Female,172.190.211.57
507,Devonne,Wilkins,dwilkinse2@oakley.com,Female,85.182.124.164
508,Amaleta,Bather,abathere3@trellian.com,Female,103.238.156.239
509,Ortensia,Hagwood,ohagwoode4@baidu.com,Female,193.135.184.29
510,Sioux,Windrus,swindruse5@slate.com,Female,60.31.113.115
511,Valentine,Doulton,vdoultone6@tuttocitta.it,Male,157.170.192.125
512,Wilmette,Windle,wwindlee7@bing.com,Female,117.87.74.94
513,Hall,Blasoni,hblasonie8@jigsy.com,Male,31.166.119.213
514,Bette-ann,Rippon,brippone9@shutterfly.com,Female,168.145.109.110
515,Fayre,Phizakarley,fphizakarleyea@so-net.ne.jp,Female,186.167.246.239
516,Brander,Wingeat,bwingeateb@nature.com,Male,124.46.122.183
517,Zacharias,Skein,zskeinec@cnn.com,Male,215.69.68.231
518,Ado,Duffrie,aduffrieed@jimdo.com,Male,194.245.162.77
519,Rosina,Ettels,rettelsee@cyberchimps.com,Female,42.139.77.57
520,Freddie,Widdocks,fwiddocksef@miitbeian.gov.cn,Male,4.89.203.221
521,Syd,Sirr,ssirreg@gnu.org,Male,114.155.188.82
522,Nowell,Narramore,nnarramoreeh@ifeng.com,Male,211.207.27.113
523,Analise,Cozzi,acozziei@bandcamp.com,Female,46.202.236.185
524,Sada,Heers,sheersej@oaic.gov.au,Female,156.70.5.43
525,Josias,Haliburn,jhaliburnek@usa.gov,Male,246.29.26.111
526,Hew,Cartmel,hcartmelel@devhub.com,Male,170.114.213.64
527,Rena,O'Neil,roneilem@nytimes.com,Female,173.187.130.207
528,Roderic,Shipp,rshippen@dmoz.org,Male,1.83.40.190
529,Hermione,Hainge,hhaingeeo@usgs.gov,Female,31.232.177.197
530,Hodge,Mackerel,hmackerelep@shutterfly.com,Male,243.136.24.172
531,Malina,Balchin,mbalchineq@state.tx.us,Female,135.142.163.162
532,Cori,Daines,cdaineser@google.nl,Female,23.114.191.197
533,Emyle,Rickaby,erickabyes@auda.org.au,Female,242.189.187.223
534,Lee,Isaq,lisaqet@rakuten.co.jp,Female,8.140.213.210
535,Clare,Ventom,cventomeu@usda.gov,Male,96.41.68.236
536,Kylie,Hawsby,khawsbyev@stanford.edu,Female,180.248.74.61
537,Jannelle,Shrubb,jshrubbew@irs.gov,Female,38.126.194.42
538,Ingeberg,Edwicker,iedwickerex@sina.com.cn,Female,194.220.147.234
539,Asher,Garfit,agarfitey@feedburner.com,Male,136.65.213.3
540,Anabelle,Mozzi,amozziez@ft.com,Female,68.45.17.227
541,Holli,Want,hwantf0@xrea.com,Female,85.218.251.69
542,Lauralee,Tunder,ltunderf1@newsvine.com,Female,153.73.11.160
543,Luelle,Lynskey,llynskeyf2@fda.gov,Female,230.159.118.252
544,Cully,Jorgesen,cjorgesenf3@google.com,Male,22.154.226.168
545,Zebadiah,Readwin,zreadwinf4@scientificamerican.com,Male,46.1.58.243
546,Blinni,Wofenden,bwofendenf5@example.com,Female,206.136.87.51
547,Jerrie,MacGilfoyle,jmacgilfoylef6@hibu.com,Female,157.176.183.41
548,Friedrick,Malter,fmalterf7@aboutads.info,Male,52.58.62.120
549,Mallory,Filochov,mfilochovf8@simplemachines.org,Male,124.229.46.132
550,Meggy,Butler-Bowdon,mbutlerbowdonf9@youtu.be,Female,70.62.27.144
551,Dorine,Jirus,djirusfa@arizona.edu,Female,1.15.138.210
552,Anthiathia,Eicheler,aeichelerfb@samsung.com,Female,235.229.209.203
553,Reinaldos,Baselli,rbasellifc@businessinsider.com,Male,219.136.24.17
554,Maryanna,Dadge,mdadgefd@quantcast.com,Female,254.137.123.166
555,Thane,Swapp,tswappfe@goo.gl,Male,126.132.178.170
556,Griff,Daughton,gdaughtonff@umich.edu,Male,109.181.199.129
557,Kevon,O'Henehan,kohenehanfg@aboutads.info,Male,167.137.92.5
558,Prent,Sawkin,psawkinfh@nps.gov,Male,78.192.48.29
559,Willi,Turford,wturfordfi@fema.gov,Male,104.152.51.182
560,Hoyt,Escalante,hescalantefj@gov.uk,Male,43.138.143.230
561,Roseanna,Pullan,rpullanfk@ow.ly,Female,141.133.114.186
562,Conni,Cholmondeley,ccholmondeleyfl@spiegel.de,Female,77.77.173.61
563,Isahella,Ackerman,iackermanfm@naver.com,Female,216.237.45.83
564,Worthy,Minogue,wminoguefn@techcrunch.com,Male,98.105.39.105
565,Shari,Maffioni,smaffionifo@nifty.com,Female,127.222.208.8
566,Nadiya,Dockwra,ndockwrafp@123-reg.co.uk,Female,193.119.70.235
567,Ignatius,McGinney,imcginneyfq@360.cn,Male,30.217.20.78
568,Christophorus,Castellan,ccastellanfr@paginegialle.it,Male,230.11.228.203
569,Kalila,Sains,ksainsfs@uiuc.edu,Female,3.218.162.6
570,Iona,Andersch,ianderschft@hostgator.com,Female,61.138.216.110
571,Gray,Hampson,ghampsonfu@rediff.com,Male,166.1.199.192
572,Brendan,Klejna,bklejnafv@instagram.com,Male,21.75.164.27
573,Claiborn,Furphy,cfurphyfw@e-recht24.de,Male,34.22.71.181
574,Gwenny,Mager,gmagerfx@bing.com,Female,207.213.75.71
575,Powell,Vannar,pvannarfy@howstuffworks.com,Male,209.36.105.192
576,Albrecht,Morrallee,amorralleefz@noaa.gov,Male,82.224.64.128
577,Celina,Heibl,cheiblg0@discovery.com,Female,210.85.201.73
578,Damita,Rocks,drocksg1@cnet.com,Female,24.222.208.198
579,Ketty,Heilds,kheildsg2@marriott.com,Female,192.16.174.135
580,Lizbeth,Sone,lsoneg3@blog.com,Female,176.158.193.103
581,Marnia,Rawstorn,mrawstorng4@vkontakte.ru,Female,190.36.252.102
582,Arnaldo,Ciccarello,aciccarellog5@joomla.org,Male,102.142.194.152
583,Lauren,Schultes,lschultesg6@ovh.net,Female,131.197.58.79
584,Benn,Sproston,bsprostong7@mozilla.org,Male,55.232.92.156
585,Flossy,Cockshot,fcockshotg8@mac.com,Female,160.186.190.159
586,Mel,Dumbrall,mdumbrallg9@deviantart.com,Male,196.225.74.24
587,Deny,Roseborough,droseboroughga@linkedin.com,Female,22.254.84.48
588,Caresse,Macey,cmaceygb@stumbleupon.com,Female,171.131.114.86
589,Robby,Tidman,rtidmangc@reverbnation.com,Female,162.238.114.40
590,Carling,Catherine,ccatherinegd@pagesperso-orange.fr,Male,210.213.33.245
591,Keely,Basezzi,kbasezzige@imgur.com,Female,34.206.93.99
592,Frank,Cubbino,fcubbinogf@google.nl,Male,74.65.170.95
593,Mikael,Sothern,msotherngg@mac.com,Male,249.143.251.196
594,Kevyn,Davie,kdaviegh@earthlink.net,Female,222.69.73.118
595,Weylin,Maffulli,wmaffulligi@blogger.com,Male,11.207.132.48
596,Kristopher,Lismer,klismergj@squarespace.com,Male,154.62.25.51
597,Christopher,Slyvester,cslyvestergk@deviantart.com,Male,127.131.31.49
598,Rycca,Vakhonin,rvakhoningl@toplist.cz,Female,70.130.148.133
599,Gracia,Gilbee,ggilbeegm@accuweather.com,Female,206.23.86.254
600,Kale,Moehle,kmoehlegn@example.com,Male,231.189.182.148
601,Barnaby,Grover,bgrovergo@bizjournals.com,Male,190.87.141.101
602,Derward,Jacobsz,djacobszgp@harvard.edu,Male,178.215.253.13
603,Maurits,Groarty,mgroartygq@istockphoto.com,Male,188.138.24.93
604,Thomasin,Wetheril,twetherilgr@google.nl,Female,56.187.165.203
605,Trev,Isack,tisackgs@tumblr.com,Male,160.104.247.247
606,Briggs,Form,bformgt@unesco.org,Male,224.64.76.90
607,Vevay,Curzey,vcurzeygu@columbia.edu,Female,7.250.103.41
608,Humbert,Priddey,hpriddeygv@hc360.com,Male,49.127.67.167
609,Isador,De Zamudio,idezamudiogw@vimeo.com,Male,26.184.255.236
610,Frederik,Gyrgorcewicx,fgyrgorcewicxgx@kickstarter.com,Male,32.33.237.43
611,Andrei,Bragge,abraggegy@tmall.com,Female,10.19.139.238
612,Emmery,Grannell,egrannellgz@youtube.com,Male,188.199.254.157
613,Carlie,Talloe,ctalloeh0@mayoclinic.com,Male,195.183.214.6
614,Nichole,Blaxeland,nblaxelandh1@google.fr,Male,100.7.169.173
615,Berti,Mariel,bmarielh2@dailymail.co.uk,Female,172.67.157.23
616,Gillan,Hawkswood,ghawkswoodh3@odnoklassniki.ru,Female,38.199.119.64
617,Base,Berzons,bberzonsh4@feedburner.com,Male,121.173.239.227
618,Lorri,Downham,ldownhamh5@economist.com,Female,153.105.196.29
619,Marillin,Vinas,mvinash6@marriott.com,Female,61.81.160.92
620,Blanca,Fant,bfanth7@friendfeed.com,Female,207.138.47.93
621,Millie,Bidgod,mbidgodh8@networksolutions.com,Female,194.245.196.70
622,Stephana,Jiles,sjilesh9@rambler.ru,Female,7.66.1.160
623,Rickert,Toll,rtollha@freewebs.com,Male,226.52.162.253
624,Owen,Leward,olewardhb@wisc.edu,Male,35.77.91.72
625,Amabelle,Ashley,aashleyhc@europa.eu,Female,90.26.207.171
626,Michel,Bauman,mbaumanhd@qq.com,Male,66.180.157.10
627,Kinsley,Denver,kdenverhe@uol.com.br,Male,110.115.193.101
628,Hewett,Culshew,hculshewhf@dailymotion.com,Male,146.2.46.236
629,Isak,Deluca,idelucahg@latimes.com,Male,10.95.223.98
630,Bartolemo,Hiskey,bhiskeyhh@technorati.com,Male,198.77.37.41
631,Ruthanne,Letessier,rletessierhi@va.gov,Female,77.250.255.224
632,Beverlie,Blasik,bblasikhj@earthlink.net,Female,25.67.17.232
633,Zarla,Battany,zbattanyhk@ow.ly,Female,83.12.185.170
634,Tabitha,Koche,tkochehl@scientificamerican.com,Female,160.117.157.89
635,Rodger,Moger,rmogerhm@yolasite.com,Male,208.245.15.164
636,Aviva,Leipelt,aleipelthn@princeton.edu,Female,4.67.28.186
637,Wallache,Went,wwentho@unblog.fr,Male,124.221.175.42
638,Avrit,O'Cahill,aocahillhp@topsy.com,Female,155.43.182.118
639,Gerri,Ticic,gticichq@usnews.com,Female,80.43.20.202
640,Thebault,Toby,ttobyhr@uol.com.br,Male,120.5.103.191
641,Lock,Sinnie,lsinniehs@geocities.com,Male,112.214.128.166
642,Suzanne,Strewthers,sstrewthersht@vinaora.com,Female,12.155.153.48
643,Alida,Tottem,atottemhu@patch.com,Female,223.241.190.185
644,Nikolai,Allison,nallisonhv@nba.com,Male,69.229.131.228
645,Hershel,Densie,hdensiehw@msn.com,Male,71.167.1.177
646,Templeton,Liddall,tliddallhx@rakuten.co.jp,Male,198.235.181.46
647,Pedro,Fretter,pfretterhy@goo.ne.jp,Male,148.182.244.223
648,Rinaldo,Badsworth,rbadsworthhz@nationalgeographic.com,Male,142.86.154.152
649,Hedi,Czapla,hczaplai0@mediafire.com,Female,70.90.54.243
650,Curr,Battany,cbattanyi1@zdnet.com,Male,175.216.140.181
651,Kennett,Johnsee,kjohnseei2@1und1.de,Male,90.191.9.113
652,Wynny,Faint,wfainti3@usatoday.com,Female,31.155.136.178
653,Lenna,Shalliker,lshallikeri4@123-reg.co.uk,Female,7.50.104.137
654,Allard,Alfonso,aalfonsoi5@instagram.com,Male,191.131.221.28
655,Kip,Roffey,kroffeyi6@umich.edu,Female,238.121.230.249
656,Barth,Andryushchenko,bandryushchenkoi7@dot.gov,Male,122.167.243.85
657,Othelia,Attride,oattridei8@creativecommons.org,Female,25.157.238.10
658,Teador,Lauks,tlauksi9@icq.com,Male,196.118.233.209
659,Ettore,Southgate,esouthgateia@surveymonkey.com,Male,33.231.49.93
660,Dieter,Wedmore.,dwedmoreib@bandcamp.com,Male,219.234.43.190
661,Shell,Gasquoine,sgasquoineic@wikimedia.org,Female,185.229.193.53
662,Modesty,Vardy,mvardyid@dyndns.org,Female,225.129.170.56
663,Garner,Josephs,gjosephsie@ox.ac.uk,Male,212.131.252.74
664,Mirella,Warrener,mwarrenerif@ocn.ne.jp,Female,19.70.239.147
665,Powell,Puddifer,ppuddiferig@dedecms.com,Male,134.207.12.121
666,Loralyn,Whitrod,lwhitrodih@time.com,Female,212.25.147.138
667,Davita,Cable,dcableii@topsy.com,Female,243.251.126.152
668,Kennedy,Breitling,kbreitlingij@nationalgeographic.com,Male,48.28.242.168
669,Harlan,Durkin,hdurkinik@reuters.com,Male,69.35.177.191
670,Trude,De Laspee,tdelaspeeil@miitbeian.gov.cn,Female,87.100.61.221
671,Mortimer,Strugnell,mstrugnellim@eventbrite.com,Male,53.170.18.216
672,Moise,Coxen,mcoxenin@chronoengine.com,Male,225.22.165.139
673,Dunn,Birdwistle,dbirdwistleio@squarespace.com,Male,114.214.150.181
674,Natal,Andreichik,nandreichikip@youtu.be,Male,55.112.35.26
675,Fergus,Andretti,fandrettiiq@symantec.com,Male,203.79.43.37
676,Amandy,Forestel,aforestelir@weather.com,Female,32.89.116.237
677,Thornton,Filov,tfilovis@hhs.gov,Male,183.124.111.176
678,Mace,Aliberti,malibertiit@blogspot.com,Male,88.31.93.53
679,Lombard,Stoakes,lstoakesiu@addtoany.com,Male,235.221.22.174
680,Rois,Songhurst,rsonghurstiv@soundcloud.com,Female,227.174.30.143
681,Amberly,Bigham,abighamiw@geocities.jp,Female,210.61.4.80
682,Andee,Beddall,abeddallix@deviantart.com,Female,240.249.237.36
683,Kingston,Frostdyke,kfrostdykeiy@scribd.com,Male,122.252.213.227
684,Carlen,Friday,cfridayiz@hatena.ne.jp,Female,14.209.17.235
685,Ab,Dory,adoryj0@skype.com,Male,227.134.138.172
686,Ralph,Skylett,rskylettj1@redcross.org,Male,232.93.11.73
687,Joseph,Leirmonth,jleirmonthj2@illinois.edu,Male,69.13.126.243
688,Olin,Huriche,ohurichej3@oracle.com,Male,247.140.107.94
689,Wilie,Findlay,wfindlayj4@addthis.com,Female,126.132.233.44
690,Rosetta,Wittier,rwittierj5@merriam-webster.com,Female,8.219.66.231
691,Linnell,Niles,lnilesj6@npr.org,Female,96.24.252.34
692,Nestor,Whiteside,nwhitesidej7@i2i.jp,Male,180.178.106.226
693,Waylan,Paur,wpaurj8@oaic.gov.au,Male,77.144.65.244
694,Frederigo,Friel,ffrielj9@shutterfly.com,Male,107.233.36.241
695,Evanne,St Louis,estlouisja@yahoo.co.jp,Female,48.215.46.141
696,Rhys,Keyworth,rkeyworthjb@sun.com,Male,48.75.196.30
697,Brennen,Geldeard,bgeldeardjc@nytimes.com,Male,11.30.176.133
698,Roarke,Wannell,rwannelljd@over-blog.com,Male,219.247.203.74
699,Randie,Simmonds,rsimmondsje@e-recht24.de,Male,169.0.61.119
700,Sukey,Bastin,sbastinjf@cisco.com,Female,221.243.127.131
701,Lemuel,Lelliott,llelliottjg@businessweek.com,Male,69.28.205.9
702,Marlo,Gayle,mgaylejh@canalblog.com,Male,206.92.241.54
703,Blane,Banbrook,bbanbrookji@hubpages.com,Male,243.4.25.230
704,Anya,Hendrikse,ahendriksejj@marketwatch.com,Female,120.6.208.251
705,Mady,Cadden,mcaddenjk@addtoany.com,Female,87.49.138.239
706,Terrel,Tolumello,ttolumellojl@netvibes.com,Male,38.49.2.161
707,Gawain,Cullinan,gcullinanjm@dailymotion.com,Male,78.159.247.88
708,Westbrook,Salvati,wsalvatijn@geocities.jp,Male,113.254.131.97
709,Lyndsay,Tezure,ltezurejo@chron.com,Female,54.255.46.9
710,Munmro,Romaine,mromainejp@hubpages.com,Male,63.67.180.202
711,Kale,Dunford,kdunfordjq@imdb.com,Male,205.212.224.0
712,Fernandina,Lared,flaredjr@drupal.org,Female,10.58.100.71
713,Adolphe,Falkingham,afalkinghamjs@gov.uk,Male,187.230.233.37
714,Georgeanna,Spensley,gspensleyjt@yale.edu,Female,192.187.20.43
715,Carlyle,Firbanks,cfirbanksju@unesco.org,Male,152.11.18.17
716,Martynne,Drane,mdranejv@webeden.co.uk,Female,16.58.199.40
717,Gae,Smy,gsmyjw@boston.com,Female,101.127.44.122
718,Claudina,Dumberell,cdumberelljx@toplist.cz,Female,251.70.225.94
719,Merwyn,Rizzetti,mrizzettijy@webnode.com,Male,54.99.83.203
720,Cornelius,Straker,cstrakerjz@dion.ne.jp,Male,69.179.137.243
721,Raven,Brotherwood,rbrotherwoodk0@ebay.com,Female,180.216.80.25
722,Hector,Janaszkiewicz,hjanaszkiewiczk1@jiathis.com,Male,92.240.87.143
723,Mathe,Freiburger,mfreiburgerk2@reference.com,Male,161.26.100.167
724,Dermot,Stienton,dstientonk3@ed.gov,Male,89.249.19.203
725,Hinze,Deignan,hdeignank4@diigo.com,Male,12.100.72.239
726,Rosabella,Sloane,rsloanek5@unc.edu,Female,155.107.195.214
727,Sky,Dance,sdancek6@cargocollective.com,Male,176.253.246.229
728,Theobald,Gillebert,tgillebertk7@comcast.net,Male,152.76.231.181
729,Roxanna,Riddel,rriddelk8@walmart.com,Female,255.118.245.81
730,Maddy,Chrestien,mchrestienk9@slashdot.org,Male,29.5.97.173
731,Rockie,Haffard,rhaffardka@nifty.com,Male,161.4.67.141
732,Ralf,McCurtin,rmccurtinkb@prweb.com,Male,152.40.33.54
733,Lesya,Deesly,ldeeslykc@state.gov,Female,108.215.238.216
734,Minny,Hindmoor,mhindmoorkd@live.com,Female,171.162.177.160
735,Pietro,Braferton,pbrafertonke@yale.edu,Male,32.116.52.48
736,Drew,Reimer,dreimerkf@mapquest.com,Male,234.25.132.216
737,Desiri,McMurraya,dmcmurrayakg@nih.gov,Female,187.184.173.114
738,Agathe,Lathwood,alathwoodkh@ehow.com,Female,58.23.95.148
739,Caryl,Dimberline,cdimberlineki@surveymonkey.com,Male,94.49.233.97
740,Falkner,Askem,faskemkj@economist.com,Male,90.81.70.12
741,Waylon,Laurenz,wlaurenzkk@nationalgeographic.com,Male,99.255.117.44
742,Hieronymus,Beadles,hbeadleskl@opera.com,Male,205.36.232.206
743,Abdul,Axtens,aaxtenskm@netscape.com,Male,210.36.141.255
744,Prudi,Joel,pjoelkn@princeton.edu,Female,40.176.24.157
745,Lethia,Woodroof,lwoodroofko@trellian.com,Female,13.147.177.69
746,Ely,Horsburgh,ehorsburghkp@purevolume.com,Male,138.110.217.195
747,Noellyn,Nassau,nnassaukq@lycos.com,Female,137.157.184.130
748,Lacy,Thatcher,lthatcherkr@theguardian.com,Female,160.230.186.212
749,Karena,Mulbery,kmulberyks@ox.ac.uk,Female,158.91.173.42
750,Alyosha,Palphramand,apalphramandkt@google.com.hk,Male,48.110.28.81
751,Jacquenette,Parysiak,jparysiakku@telegraph.co.uk,Female,255.151.142.248
752,Marsha,Canaan,mcanaankv@purevolume.com,Female,207.211.89.128
753,Deb,Kliche,dklichekw@ovh.net,Female,152.60.49.253
754,Inness,Obert,iobertkx@usda.gov,Male,249.216.70.58
755,Caterina,Cayser,ccayserky@telegraph.co.uk,Female,203.212.199.183
756,Randa,Abrahamoff,rabrahamoffkz@paginegialle.it,Female,27.232.142.234
757,Merwyn,Diviny,mdivinyl0@cbc.ca,Male,142.47.119.96
758,Brantley,Doyley,bdoyleyl1@census.gov,Male,152.149.144.180
759,Gordan,Reeders,greedersl2@netlog.com,Male,103.190.125.235
760,Cybill,Potteril,cpotterill3@purevolume.com,Female,199.89.10.65
761,Drew,Beveredge,dbeveredgel4@wix.com,Male,25.37.24.57
762,Franny,Baglin,fbaglinl5@oaic.gov.au,Male,61.114.192.34
763,Sonja,Waghorn,swaghornl6@salon.com,Female,240.131.67.29
764,Thatcher,Wickins,twickinsl7@myspace.com,Male,190.198.240.170
765,Marabel,Blint,mblintl8@plala.or.jp,Female,228.157.114.86
766,Robena,Boller,rbollerl9@si.edu,Female,140.17.24.204
767,Westleigh,Rought,wroughtla@digg.com,Male,59.6.168.230
768,Merola,Pabst,mpabstlb@home.pl,Female,28.74.87.160
769,Matelda,Burriss,mburrisslc@fda.gov,Female,35.21.148.107
770,Celinda,Griffith,cgriffithld@gmpg.org,Female,6.255.191.75
771,Arlette,Fayer,afayerle@dyndns.org,Female,40.191.220.3
772,Miltie,Starrs,mstarrslf@nhs.uk,Male,189.67.103.106
773,Jarad,Madrell,jmadrelllg@state.gov,Male,165.214.218.145
774,Polly,Parmiter,pparmiterlh@goodreads.com,Female,247.218.77.45
775,Maurizia,Ollett,mollettli@ox.ac.uk,Female,141.251.61.195
776,Caralie,Anstice,cansticelj@sitemeter.com,Female,88.189.86.22
777,Abbot,Fernehough,afernehoughlk@army.mil,Male,56.229.74.164
778,Lockwood,Unger,lungerll@google.com.hk,Male,35.247.112.80
779,Justinn,Critoph,jcritophlm@toplist.cz,Female,238.25.231.45
780,Rosina,Rangell,rrangellln@wix.com,Female,87.129.45.45
781,Kristofor,Zuppa,kzuppalo@unblog.fr,Male,57.236.243.162
782,Fawne,Megson,fmegsonlp@examiner.com,Female,22.250.156.18
783,Berni,Aspland,basplandlq@aboutads.info,Female,134.133.210.151
784,Jervis,Asbery,jasberylr@ucoz.ru,Male,172.88.244.249
785,Marla,Kobpa,mkobpals@jimdo.com,Female,57.229.225.54
786,Stuart,Yanov,syanovlt@cam.ac.uk,Male,123.146.193.13
787,Claudelle,Pirdue,cpirduelu@live.com,Female,106.104.134.17
788,Jacobo,Wrixon,jwrixonlv@businessinsider.com,Male,71.242.145.140
789,Moises,Daile,mdailelw@edublogs.org,Male,3.252.246.145
790,Nikolaus,Dronsfield,ndronsfieldlx@uol.com.br,Male,102.173.62.169
791,Debbi,Ellicock,dellicockly@taobao.com,Female,66.243.226.219
792,Jonis,Crutcher,jcrutcherlz@moonfruit.com,Female,44.200.178.87
793,Aubrey,Moizer,amoizerm0@mozilla.org,Female,60.5.74.21
794,Ephrem,Broome,ebroomem1@youtu.be,Male,0.71.246.35
795,Fionnula,Blaxill,fblaxillm2@dyndns.org,Female,44.197.141.81
796,Ginevra,Weddeburn - Scrimgeour,gweddeburnscrimgeourm3@wiley.com,Female,132.251.141.1
797,Egon,Nockles,enocklesm4@gravatar.com,Male,218.181.119.20
798,Keefer,Armistead,karmisteadm5@imageshack.us,Male,194.193.128.4
799,Clywd,Milella,cmilellam6@usa.gov,Male,74.37.200.182
800,Delmor,Sanson,dsansonm7@soup.io,Male,83.1.176.181
801,Lance,Podbury,lpodburym8@flavors.me,Male,172.154.48.19
802,Lisa,Esh,leshm9@canalblog.com,Female,152.125.123.60
803,Gabriel,Dawkes,gdawkesma@weebly.com,Male,205.66.63.115
804,Chryste,Easterfield,ceasterfieldmb@xrea.com,Female,188.156.182.61
805,Ban,McIntosh,bmcintoshmc@stumbleupon.com,Male,237.195.216.10
806,Thorvald,Klyner,tklynermd@creativecommons.org,Male,127.89.167.97
807,Prent,Aspy,paspyme@bloomberg.com,Male,107.105.213.200
808,Meade,Woolstenholmes,mwoolstenholmesmf@wix.com,Female,32.236.11.26
809,Lana,Elderidge,lelderidgemg@ow.ly,Female,234.108.7.209
810,Margalit,Franciskiewicz,mfranciskiewiczmh@mlb.com,Female,197.131.5.200
811,Allie,Kester,akestermi@admin.ch,Female,60.158.87.120
812,Lira,Anniwell,lanniwellmj@apache.org,Female,49.100.234.70
813,Fanchette,Hubbins,fhubbinsmk@goodreads.com,Female,43.147.30.129
814,Miriam,Sell,msellml@blogtalkradio.com,Female,23.213.74.240
815,Dolf,Behnecken,dbehneckenmm@cbc.ca,Male,90.51.224.116
816,Marilin,Ace,macemn@mediafire.com,Female,46.136.86.38
817,Kurtis,Spridgen,kspridgenmo@cbc.ca,Male,116.23.186.139
818,Gwennie,Ivimy,givimymp@is.gd,Female,174.237.141.48
819,Sigismundo,Clavey,sclaveymq@about.me,Male,27.94.153.243
820,Tamarah,Scurry,tscurrymr@google.fr,Female,19.185.74.111
821,Susanna,Martinie,smartiniems@walmart.com,Female,204.134.151.107
822,Reggis,Booy,rbooymt@hostgator.com,Male,225.191.140.68
823,Nathan,Tessington,ntessingtonmu@fotki.com,Male,185.97.91.57
824,Washington,Dowle,wdowlemv@microsoft.com,Male,30.247.87.69
825,Aloisia,Caseley,acaseleymw@livejournal.com,Female,218.235.15.70
826,Noah,Stammler,nstammlermx@fema.gov,Male,81.123.115.57
827,Danya,Lenthall,dlenthallmy@omniture.com,Female,216.34.210.66
828,Niki,Shiels,nshielsmz@wp.com,Male,181.27.62.14
829,Murdoch,Brayne,mbraynen0@edublogs.org,Male,12.238.121.87
830,Amalle,Bonin,aboninn1@elpais.com,Female,139.184.194.15
831,Lowrance,Howley,lhowleyn2@alexa.com,Male,9.43.184.90
832,Shellie,Sparrow,ssparrown3@shutterfly.com,Female,111.208.212.230
833,Leonanie,Rollitt,lrollittn4@github.io,Female,118.78.230.214
834,Lonna,Winship,lwinshipn5@t-online.de,Female,243.47.233.0
835,Carrissa,Duplan,cduplann6@freewebs.com,Female,25.203.62.58
836,Mindy,Allicock,mallicockn7@senate.gov,Female,112.82.139.227
837,Othelia,Smithies,osmithiesn8@drupal.org,Female,105.80.236.144
838,Kaitlynn,McReidy,kmcreidyn9@prnewswire.com,Female,170.116.183.21
839,Moyra,Sturzaker,msturzakerna@amazon.co.jp,Female,216.35.251.80
840,Barri,Darker,bdarkernb@msn.com,Male,50.110.178.196
841,Claretta,Wardingly,cwardinglync@miibeian.gov.cn,Female,43.193.19.238
842,Leesa,Larenson,llarensonnd@dmoz.org,Female,66.2.81.179
843,Amandy,Keady,akeadyne@google.nl,Female,119.11.137.199
844,Ora,Rois,oroisnf@washingtonpost.com,Female,138.245.233.6
845,Emeline,McGirr,emcgirrng@jigsy.com,Female,218.96.101.146
846,Gorden,Djokic,gdjokicnh@indiatimes.com,Male,80.78.112.4
847,Barthel,McDermott-Row,bmcdermottrowni@apache.org,Male,117.212.219.105
848,Tatiania,Nassau,tnassaunj@tiny.cc,Female,205.162.60.161
849,Jasper,Sinott,jsinottnk@theatlantic.com,Male,137.215.192.137
850,Clerc,Kuzemka,ckuzemkanl@wix.com,Male,188.67.242.106
851,Elna,McClean,emccleannm@ted.com,Female,194.117.5.207
852,Roana,Aggs,raggsnn@trellian.com,Female,65.138.210.100
853,Zacharia,Lukock,zlukockno@etsy.com,Male,167.15.211.102
854,Cacilie,Leversha,clevershanp@house.gov,Female,117.112.144.86
855,Chrysler,Woodburn,cwoodburnnq@quantcast.com,Female,190.211.243.250
856,Gail,Mariotte,gmariottenr@ucoz.ru,Male,87.147.69.182
857,Nataniel,Hubbuck,nhubbuckns@imageshack.us,Male,38.60.16.3
858,Gilbertine,Vauter,gvauternt@hp.com,Female,25.241.173.20
859,Kenn,Smitton,ksmittonnu@disqus.com,Male,190.239.43.16
860,Danila,Farey,dfareynv@cisco.com,Female,55.197.2.4
861,Demetra,Claffey,dclaffeynw@irs.gov,Female,187.11.135.120
862,Teddy,Labroue,tlabrouenx@gmpg.org,Male,120.252.19.69
863,Sheree,Dullard,sdullardny@sakura.ne.jp,Female,98.23.7.52
864,Sauncho,Tippler,stipplernz@cnn.com,Male,154.21.220.45
865,Lewie,Biasio,lbiasioo0@princeton.edu,Male,91.231.179.158
866,Allan,Recher,arechero1@globo.com,Male,156.148.242.247
867,Jaquith,Van Baaren,jvanbaareno2@comcast.net,Female,77.100.40.27
868,Oby,Mawford,omawfordo3@uol.com.br,Male,182.134.84.239
869,Mae,Adcock,madcocko4@joomla.org,Female,64.37.178.110
870,Evelin,Goodrum,egoodrumo5@flickr.com,Male,10.252.221.148
871,Carrissa,Stonary,cstonaryo6@barnesandnoble.com,Female,213.33.234.240
872,Allin,Howgate,ahowgateo7@cdc.gov,Male,149.9.4.142
873,Norbie,Bonn,nbonno8@bbc.co.uk,Male,50.50.77.167
874,Izak,Exelby,iexelbyo9@infoseek.co.jp,Male,255.103.51.234
875,Kermit,Stove,kstoveoa@hao123.com,Male,179.205.196.0
876,Rozella,Venditti,rvendittiob@blogger.com,Female,106.208.3.140
877,Lauretta,Raison,lraisonoc@netvibes.com,Female,123.42.174.67
878,Fowler,Pourvoieur,fpourvoieurod@microsoft.com,Male,177.100.158.47
879,Sissy,Ollett,sollettoe@yelp.com,Female,254.226.74.92
880,Raychel,Harbar,rharbarof@lycos.com,Female,216.50.138.109
881,Dawna,Caress,dcaressog@miibeian.gov.cn,Female,4.178.97.115
882,Sharona,Nayshe,snaysheoh@ox.ac.uk,Female,8.174.15.39
883,Melli,Le febre,mlefebreoi@hc360.com,Female,14.63.232.122
884,Ginger,Dundendale,gdundendaleoj@is.gd,Male,134.32.137.150
885,Julius,Chapelhow,jchapelhowok@photobucket.com,Male,190.97.216.220
886,Fleming,Mushrow,fmushrowol@google.co.jp,Male,169.175.127.151
887,Dunstan,Lowers,dlowersom@sun.com,Male,117.65.54.239
888,Paula,Warmington,pwarmingtonon@cafepress.com,Female,164.56.23.179
889,Elisabetta,Son,esonoo@bloglines.com,Female,56.241.157.132
890,Teriann,Thow,tthowop@accuweather.com,Female,32.136.217.174
891,Thorndike,Curdell,tcurdelloq@csmonitor.com,Male,242.251.96.72
892,Fay,Garrattley,fgarrattleyor@google.cn,Female,32.28.159.92
893,Olav,Pirouet,opirouetos@sourceforge.net,Male,49.183.74.25
894,Pierette,Tupp,ptuppot@ycombinator.com,Female,151.10.212.99
895,Noemi,Glenfield,nglenfieldou@mapy.cz,Female,66.238.175.245
896,Arlyne,Zanneli,azanneliov@godaddy.com,Female,89.99.78.117
897,Tedda,Gallally,tgallallyow@phoca.cz,Female,70.113.8.217
898,Dominique,Juckes,djuckesox@ocn.ne.jp,Male,185.7.179.15
899,Vito,MacGilfoyle,vmacgilfoyleoy@auda.org.au,Male,163.15.163.42
900,Carla,Woollcott,cwoollcottoz@apache.org,Female,241.203.79.234
901,Erl,Kuhnt,ekuhntp0@quantcast.com,Male,35.43.184.66
902,Cindi,South,csouthp1@mapy.cz,Female,42.42.164.2
903,Murielle,Cuerdall,mcuerdallp2@opera.com,Female,142.190.223.252
904,Lydia,Powner,lpownerp3@dot.gov,Female,101.59.147.249
905,Lillis,Rysom,lrysomp4@elpais.com,Female,230.109.119.86
906,Kiersten,Daenen,kdaenenp5@vimeo.com,Female,219.104.233.223
907,Bartel,Lago,blagop6@i2i.jp,Male,109.18.42.131
908,Jeanine,Kepling,jkeplingp7@deliciousdays.com,Female,239.164.18.188
909,Rex,Ferenczy,rferenczyp8@archive.org,Male,73.188.220.8
910,Piggy,Aimeric,paimericp9@nifty.com,Male,213.88.28.80
911,Cornie,Addionisio,caddionisiopa@domainmarket.com,Male,219.104.17.143
912,Manda,Brearton,mbreartonpb@ocn.ne.jp,Female,244.44.106.244
913,Carrol,Clemendot,cclemendotpc@mapquest.com,Male,198.53.194.249
914,Edith,Corden,ecordenpd@google.co.uk,Female,5.224.69.54
915,Humbert,Carlino,hcarlinope@home.pl,Male,152.63.226.3
916,Gretel,Wathey,gwatheypf@hostgator.com,Female,248.212.38.186
917,Irwinn,Nowland,inowlandpg@github.com,Male,71.28.14.89
918,Aretha,Pellman,apellmanph@freewebs.com,Female,209.143.169.92
919,Otto,Vlasenkov,ovlasenkovpi@pcworld.com,Male,234.191.144.20
920,Lonni,Tease,lteasepj@eepurl.com,Female,120.243.213.51
921,Willette,Knappitt,wknappittpk@kickstarter.com,Female,163.207.152.235
922,Georas,Crampsey,gcrampseypl@imageshack.us,Male,4.2.161.202
923,Hobart,Sandeford,hsandefordpm@nymag.com,Male,213.39.237.255
924,Allen,Di Biagio,adibiagiopn@domainmarket.com,Male,74.144.111.133
925,Donnamarie,Seligson,dseligsonpo@360.cn,Female,154.65.202.30
926,Shalna,Atcock,satcockpp@pagesperso-orange.fr,Female,241.123.241.228
927,Annabella,Hawton,ahawtonpq@usnews.com,Female,48.40.101.70
928,Karalee,Barosch,kbaroschpr@photobucket.com,Female,149.191.128.76
929,Coop,Bixley,cbixleyps@java.com,Male,120.52.20.19
930,Kassi,Guilleton,kguilletonpt@flavors.me,Female,42.205.171.188
931,Angeli,Dudley,adudleypu@trellian.com,Male,183.47.179.110
932,Wyndham,Larvor,wlarvorpv@vinaora.com,Male,45.48.83.91
933,Debera,Shambrook,dshambrookpw@opera.com,Female,36.192.35.138
934,Ximenez,Bedder,xbedderpx@shutterfly.com,Male,207.151.135.97
935,Kerrin,Mortlock,kmortlockpy@biblegateway.com,Female,39.255.90.240
936,Atlante,Wade,awadepz@multiply.com,Female,89.236.93.36
937,Teri,Slarke,tslarkeq0@bbc.co.uk,Female,245.17.21.215
938,Francklyn,Luker,flukerq1@purevolume.com,Male,163.128.145.210
939,Cullan,Hriinchenko,chriinchenkoq2@springer.com,Male,102.195.250.105
940,Konrad,Holmyard,kholmyardq3@unblog.fr,Male,52.176.242.201
941,Jamie,Espinoza,jespinozaq4@theatlantic.com,Female,101.48.148.158
942,Creigh,Wilde,cwildeq5@jugem.jp,Male,211.65.188.15
943,Silvester,Bignall,sbignallq6@statcounter.com,Male,86.44.182.88
944,Matty,Havile,mhavileq7@sitemeter.com,Male,205.63.104.77
945,Gaile,Pymer,gpymerq8@craigslist.org,Male,198.158.56.53
946,Flem,Summerill,fsummerillq9@dedecms.com,Male,117.84.179.227
947,Leonidas,Francie,lfrancieqa@vinaora.com,Male,203.126.58.245
948,Orsa,Cleminson,ocleminsonqb@pcworld.com,Female,237.182.123.239
949,Maxie,Irlam,mirlamqc@gmpg.org,Female,37.176.124.3
950,Sheffy,Furniss,sfurnissqd@merriam-webster.com,Male,180.250.151.27
951,Agathe,MacDonagh,amacdonaghqe@microsoft.com,Female,49.253.153.52
952,Audie,Moxted,amoxtedqf@auda.org.au,Female,160.132.21.71
953,Davidde,Springer,dspringerqg@ted.com,Male,137.48.67.192
954,Kari,Longega,klongegaqh@reverbnation.com,Female,22.24.25.164
955,Stinky,Motte,smotteqi@phpbb.com,Male,189.48.113.238
956,Crichton,Proudlock,cproudlockqj@amazon.co.uk,Male,89.57.168.222
957,Jeffie,Segar,jsegarqk@eepurl.com,Male,7.164.56.0
958,Donielle,Tungate,dtungateql@unesco.org,Female,87.189.233.243
959,Consuelo,Sallenger,csallengerqm@nytimes.com,Female,59.29.202.198
960,Al,Benit,abenitqn@hugedomains.com,Male,64.53.228.232
961,Tuckie,Doey,tdoeyqo@irs.gov,Male,70.133.216.102
962,Lori,Seczyk,lseczykqp@themeforest.net,Female,214.207.110.165
963,Dottie,Simondson,dsimondsonqq@simplemachines.org,Female,46.17.157.75
964,Emilia,Leddy,eleddyqr@ow.ly,Female,45.64.213.61
965,Kellen,MacColgan,kmaccolganqs@mapquest.com,Male,250.186.131.69
966,Agustin,Attarge,aattargeqt@apache.org,Male,19.34.76.243
967,Teirtza,Gouley,tgouleyqu@virginia.edu,Female,87.188.182.235
968,Catie,Frostdicke,cfrostdickeqv@bloglines.com,Female,85.2.86.62
969,Hyacinth,Rudiger,hrudigerqw@uiuc.edu,Female,197.23.196.130
970,Kylila,Fillis,kfillisqx@mediafire.com,Female,139.140.170.18
971,Leslie,Virr,lvirrqy@foxnews.com,Male,219.2.12.252
972,Bealle,Swayte,bswayteqz@arstechnica.com,Male,211.162.104.22
973,Pen,Michelle,pmicheller0@flickr.com,Female,22.226.232.231
974,Robbie,Dignall,rdignallr1@delicious.com,Male,102.170.205.29
975,Gawen,Vears,gvearsr2@earthlink.net,Male,137.120.113.152
976,Harwell,Eastman,heastmanr3@canalblog.com,Male,37.36.155.241
977,Rosco,Szachniewicz,rszachniewiczr4@devhub.com,Male,190.162.76.10
978,Ash,Gingle,agingler5@disqus.com,Male,195.234.15.218
979,Flynn,Rossant,frossantr6@a8.net,Male,229.31.189.133
980,Harrietta,Slamaker,hslamakerr7@livejournal.com,Female,190.64.30.85
981,Sally,Sollett,ssollettr8@unblog.fr,Female,36.250.74.46
982,Brit,O'Sharkey,bosharkeyr9@harvard.edu,Male,69.243.214.14
983,Jemimah,Arkle,jarklera@cocolog-nifty.com,Female,103.215.92.125
984,Mandy,Winchcombe,mwinchcomberb@devhub.com,Female,136.145.191.9
985,Reiko,Olley,rolleyrc@dmoz.org,Female,32.139.60.11
986,Kara,Calcraft,kcalcraftrd@thetimes.co.uk,Female,92.88.13.134
987,Catharina,Kinnerk,ckinnerkre@quantcast.com,Female,12.71.30.57
988,Clarine,Conelly,cconellyrf@xing.com,Female,108.125.47.154
989,Daisi,Shenley,dshenleyrg@vk.com,Female,34.43.113.243
990,Victor,Sedworth,vsedworthrh@gravatar.com,Male,22.78.192.173
991,Elfrieda,Darrington,edarringtonri@unicef.org,Female,244.224.98.87
992,Shawnee,Kerfut,skerfutrj@homestead.com,Female,157.108.51.211
993,Cheston,Worsalls,cworsallsrk@phpbb.com,Male,35.43.137.134
994,Angelica,Brellin,abrellinrl@earthlink.net,Female,115.1.79.161
995,Ellary,Carnihan,ecarnihanrm@indiegogo.com,Male,228.185.181.42
996,Steve,Cowin,scowinrn@webnode.com,Male,173.229.223.110
997,Alain,Sherred,asherredro@chicagotribune.com,Male,143.107.147.21
998,Weylin,Hackey,whackeyrp@newyorker.com,Male,217.44.30.77
999,Kippy,Menary,kmenaryrq@rakuten.co.jp,Male,248.11.27.236
1000,Xylina,Stansbie,xstansbierr@bravesites.com,Female,118.221.131.193
